{"options":{"check_for_updates":true,"comment":null,"compatopts_for_requires":true,"compat_wrappedjsobject":false,"compat_metadata":false,"compat_foreach":false,"compat_arrayleft":false,"compat_uW_gmonkey":false,"compat_forvarin":false,"noframes":null,"awareOfChrome":false,"run_at":null,"override":{"use_includes":[],"orig_includes":[],"merge_includes":true,"use_matches":[],"orig_matches":["http://blog.csdn.net/*/article/details/*","https://blog.csdn.net/*/article/details/*"],"merge_matches":true,"use_excludes":[],"orig_excludes":[],"merge_excludes":true,"use_connects":[],"merge_connects":true,"use_blockers":[],"orig_run_at":"document-end","orig_noframes":null,"orig_connects":[]}},"settings":{"enabled":true,"position":7},"meta":{"name":"CSDN 直接阅读全文","uuid":"52e3d077-510d-4bed-b501-07fbadee9753","modified":1539050516532,"file_url":"https://greasyfork.org/scripts/371590-csdn-%E7%9B%B4%E6%8E%A5%E9%98%85%E8%AF%BB%E5%85%A8%E6%96%87/code/CSDN%20%E7%9B%B4%E6%8E%A5%E9%98%85%E8%AF%BB%E5%85%A8%E6%96%87.user.js"}}