{"options":{"check_for_updates":true,"comment":null,"compatopts_for_requires":true,"compat_wrappedjsobject":false,"compat_metadata":false,"compat_foreach":false,"compat_arrayleft":false,"compat_uW_gmonkey":false,"compat_forvarin":false,"noframes":null,"awareOfChrome":false,"run_at":null,"override":{"use_includes":[],"orig_includes":["*forum.php?mod=viewthread&tid=*","*forum.php?mod=post&action=reply*replysubmit=yes","*viewthread.php?tid=*","*thread*.html"],"merge_includes":true,"use_matches":[],"orig_matches":[],"merge_matches":true,"use_excludes":[],"orig_excludes":[],"merge_excludes":true,"use_connects":[],"merge_connects":true,"use_blockers":[],"orig_run_at":"document-idle","orig_noframes":null,"orig_connects":[]}},"settings":{"enabled":true,"position":42},"meta":{"name":"DZ回复可见助手","uuid":"6b252772-2cf8-472b-9c88-73406d073001","modified":1541255584406,"file_url":"https://greasyfork.org/scripts/25941-dz%E5%9B%9E%E5%A4%8D%E5%8F%AF%E8%A7%81%E5%8A%A9%E6%89%8B/code/DZ%E5%9B%9E%E5%A4%8D%E5%8F%AF%E8%A7%81%E5%8A%A9%E6%89%8B.user.js"}}