{"options":{"check_for_updates":true,"comment":null,"compatopts_for_requires":true,"compat_wrappedjsobject":false,"compat_metadata":false,"compat_foreach":false,"compat_arrayleft":false,"compat_uW_gmonkey":false,"compat_forvarin":false,"noframes":null,"awareOfChrome":false,"run_at":null,"override":{"use_includes":[],"orig_includes":["https://github.com/*/*"],"merge_includes":true,"use_matches":[],"orig_matches":["https://github.com"],"merge_matches":true,"use_excludes":[],"orig_excludes":[],"merge_excludes":true,"use_connects":[],"merge_connects":true,"use_blockers":[],"orig_run_at":"document-idle","orig_noframes":null,"orig_connects":[]}},"settings":{"enabled":true,"position":18},"meta":{"name":"Github助手","uuid":"69c7f49e-325b-4547-9b54-528fce6e2baa","modified":1541337456920,"file_url":"https://greasyfork.org/scripts/37899-github%E5%8A%A9%E6%89%8B/code/Github%E5%8A%A9%E6%89%8B.user.js"}}