{"options":{"check_for_updates":true,"comment":null,"compatopts_for_requires":true,"compat_wrappedjsobject":false,"compat_metadata":false,"compat_foreach":false,"compat_arrayleft":false,"compat_uW_gmonkey":false,"compat_forvarin":false,"noframes":null,"awareOfChrome":false,"run_at":null,"override":{"use_includes":[],"orig_includes":["http*://greasyfork.org/*","http*://www.greasyfork.org/*","http*://sleazyfork.org/*","http*://www.sleazyfork.org/*"],"merge_includes":true,"use_matches":[],"orig_matches":[],"merge_matches":true,"use_excludes":[],"orig_excludes":[],"merge_excludes":true,"use_connects":[],"merge_connects":true,"use_blockers":[],"orig_run_at":"document-idle","orig_noframes":null,"orig_connects":["greasyfork.org","sleazyfork.org"]}},"settings":{"enabled":true,"position":19},"meta":{"name":"Greasyfork Search with Sleazyfork Results include","uuid":"f33f6d78-e205-458c-949e-0c0b2e68122d","modified":1540549298557,"file_url":"https://greasyfork.org/scripts/23840-greasyfork-search-with-sleazyfork-results-include/code/Greasyfork%20Search%20with%20Sleazyfork%20Results%20include.user.js"}}