{"options":{"check_for_updates":true,"comment":null,"compatopts_for_requires":true,"compat_wrappedjsobject":false,"compat_metadata":false,"compat_foreach":false,"compat_arrayleft":false,"compat_uW_gmonkey":false,"compat_forvarin":false,"noframes":null,"awareOfChrome":false,"run_at":null,"override":{"use_includes":[],"orig_includes":[],"merge_includes":true,"use_matches":[],"orig_matches":["http://*.youdao.com/*"],"merge_matches":true,"use_excludes":[],"orig_excludes":[],"merge_excludes":true,"use_connects":[],"merge_connects":true,"use_blockers":[],"orig_run_at":"document-idle","orig_noframes":null,"orig_connects":["www.etymonline.com","www.google.com"]}},"settings":{"enabled":true,"position":41},"meta":{"name":"Youdao Dictionary Enhancer","uuid":"c3b94364-5a26-4af9-9d5c-e3ef51490dcd","modified":1541255476278,"file_url":"https://greasyfork.org/scripts/23200-youdao-dictionary-enhancer/code/Youdao%20Dictionary%20Enhancer.user.js"}}