{"options":{"check_for_updates":true,"comment":null,"compatopts_for_requires":true,"compat_wrappedjsobject":false,"compat_metadata":false,"compat_foreach":false,"compat_arrayleft":false,"compat_uW_gmonkey":false,"compat_forvarin":false,"noframes":null,"awareOfChrome":false,"run_at":null,"override":{"use_includes":[],"orig_includes":[],"merge_includes":true,"use_matches":[],"orig_matches":["*://v.youku.com/v_show/*","*://*.iqiyi.com/v_*","*://*.iqiyi.com/w_*","*://*.iqiyi.com/a_*","*://*.iqiyi.com/dianying/*","*://*.le.com/ptv/vplay/*","*://v.qq.com/x/cover/*","*://v.qq.com/x/page/*","*://*.tudou.com/listplay/*","*://*.tudou.com/albumplay/*","*://*.tudou.com/programs/view/*","*://*.mgtv.com/b/*","*://film.sohu.com/album/*","*://*.acfun.cn/v/*","*://*.bilibili.com/video/*","*://*.bilibili.com/anime/*","*://vip.pptv.com/show/*","*://v.pptv.com/show/*","*://v.yinyuetai.com/video/*","*://v.yinyuetai.com/playlist/*","*://*.wasu.cn/Play/show/*","*://music.taihe.com/song*","http*://item.taobao.com/*","http*://detail.tmall.com/*","http*://item.jd.com/*","*://music.163.com/*","*://y.qq.com/*","*://www.kugou.com/*","*://www.kuwo.cn/*","*://www.xiami.com/*","*://music.baidu.com/*","*://www.qingting.fm/*","*://www.lizhi.fm/*","*://music.migu.cn/*","*://www.ximalaya.com/*"],"merge_matches":true,"use_excludes":[],"orig_excludes":[],"merge_excludes":true,"use_connects":[],"merge_connects":true,"use_blockers":[],"orig_run_at":"document-end","orig_noframes":null,"orig_connects":[]}},"settings":{"enabled":false,"position":8},"meta":{"name":"一键VIP视频解析、去广告（全网）,一站式音乐搜索下载 2018-10-08 可用","uuid":"8a2c4fc3-8af6-4da9-99ae-7a9135224006","modified":1539058784458,"file_url":"https://greasyfork.org/scripts/370005-%E4%B8%80%E9%94%AEvip%E8%A7%86%E9%A2%91%E8%A7%A3%E6%9E%90-%E5%8E%BB%E5%B9%BF%E5%91%8A-%E5%85%A8%E7%BD%91-%E4%B8%80%E7%AB%99%E5%BC%8F%E9%9F%B3%E4%B9%90%E6%90%9C%E7%B4%A2%E4%B8%8B%E8%BD%BD-2018-10-08-%E5%8F%AF%E7%94%A8/code/%E4%B8%80%E9%94%AEVIP%E8%A7%86%E9%A2%91%E8%A7%A3%E6%9E%90%E3%80%81%E5%8E%BB%E5%B9%BF%E5%91%8A%EF%BC%88%E5%85%A8%E7%BD%91%EF%BC%89,%E4%B8%80%E7%AB%99%E5%BC%8F%E9%9F%B3%E4%B9%90%E6%90%9C%E7%B4%A2%E4%B8%8B%E8%BD%BD%202018-10-08%20%E5%8F%AF%E7%94%A8.user.js"}}