{"options":{"check_for_updates":true,"comment":null,"compatopts_for_requires":true,"compat_wrappedjsobject":false,"compat_metadata":false,"compat_foreach":false,"compat_arrayleft":false,"compat_uW_gmonkey":false,"compat_forvarin":false,"noframes":null,"awareOfChrome":false,"run_at":null,"override":{"use_includes":[],"orig_includes":["http://tieba.baidu.com/p/*","http://tieba.baidu.com/f?ct*","https://tieba.baidu.com/p/*","https://tieba.baidu.com/f?ct*"],"merge_includes":true,"use_matches":[],"orig_matches":[],"merge_matches":true,"use_excludes":[],"orig_excludes":[],"merge_excludes":true,"use_connects":[],"merge_connects":true,"use_blockers":[],"orig_run_at":"document-end","orig_noframes":null,"orig_connects":[]}},"settings":{"enabled":true,"position":24},"meta":{"name":"查看发帖","uuid":"a61ffc4e-fb8d-40d0-92e4-68592847c723","modified":1540549581848,"file_url":"https://greasyfork.org/scripts/291-%E6%9F%A5%E7%9C%8B%E5%8F%91%E5%B8%96/code/%E6%9F%A5%E7%9C%8B%E5%8F%91%E5%B8%96.user.js"}}