{"options":{"check_for_updates":true,"comment":null,"compatopts_for_requires":true,"compat_wrappedjsobject":false,"compat_metadata":false,"compat_foreach":false,"compat_arrayleft":false,"compat_uW_gmonkey":false,"compat_forvarin":false,"noframes":null,"awareOfChrome":false,"run_at":null,"override":{"use_includes":[],"orig_includes":["http*://www.hacg.*/wordpress/*","http*://hacg.*/wordpress/*","http*://loli.cool/*","http*://www.nicemoe.*","http*://www.hacg.lol/*","http*://hacg.lol/*","http*://hacg.riwee.com/*","http*://9iacg.*","http*://hacg.me/*","http*://hacg.in/*","http*://hacg.be/*","http*://hacg.club/*","http*://hacg.li/*","http*://hacg.fi/*","http*://hacg.red/*","http*://hacg.la/*","http*://hacg.tw/*","http*://hacg.at/*","http*://hacg.ch/*","http*://llss.*/wp/*","http*://*.llss.*/wp/*","http*://liuli.*/wp/*","http*://*.liuli.*/wp/*","http*://hacg.*/wp/*","http*://*.hacg.*/wp/*","http*://www.acgpy.*","http*://blog.reimu.net/*","http*://pan.baidu.com/share/*","http*://pan.baidu.com/s/*","http*://sexacg.com/*","http*://www.acg.tf/*","http*://acg.tf/*","http*://www.moxacg.com/*","http*://moxacg.*","http*://*.acggj.com/*","http*://acg12.com/*","http*://*.acg12.com/*","http*://www.acgnz.cc/*","http*://nacg.me/*","http*://www.tianshit.com/*","http*://www.tianshif.com/*","http*://www.oomoe.*","http*://www.kaze5.com/*","http*://www.acg15.com/*","http*://www.acglover.*","http*://lifanmoe.*","http*://www.yhacg.*","http*://www.idanmu.*","http*://idanmu.*","http*://*.sijihuisuo.club/*","http*://sijihuisuo.club/*","http*://acg18.us/*","http*://*.acg18.us/*","http*://*.acg44.com/*","http*://zuiacg.*","http*://www.zuiacg.*","http*://www.galacg.me/*","http*://cangku.in/*","http*://www.mhecy.com/*","http*://acgzone.org/*","http*://www.acgzone.org/*","http*://uraban.me/*","http*://www.uraban.me/*","http*://acgmoon.*","http*://www.jiyue.*","http*://jiyue.*","http*://www.moe-acg.*/*","http*://huan.moe*","http*://www.mygalgame.com/*","http*://htai.*","http*://gmgard.com/*","http*://*.gmgard.com/*","http*://www.kou.moe/*","http*://www.91moe.com/*","http*://cefamilie.com/*","http*://yui-nya.com/*","http*://www.l-sj.cc/*","http*://htacg.cc/*","http*://www.htacg.cc/*","http*://www.xiu.moe/*","http*://www.cld1.net/*","http*://sjhs*.*","http*://www.dakashangche.*","http*://xiuxiqu.xyz*","http*://sleazyfork.org/*/scripts/*","http*://greasyfork.org/*/scripts/*","http*://sleazyfork.org/*/forum/*discussion*","http*://greasyfork.org/*/forum/*discussion*"],"merge_includes":true,"use_matches":[],"orig_matches":[],"merge_matches":true,"use_excludes":[],"orig_excludes":[],"merge_excludes":true,"use_connects":[],"merge_connects":true,"use_blockers":[],"orig_run_at":"document-end","orig_noframes":null,"orig_connects":["tts.baidu.com"]}},"settings":{"enabled":true,"position":20},"meta":{"name":"琉神转","uuid":"64914434-4f59-462b-bf0e-616e619d6ba1","modified":1541744641910,"file_url":"https://greasyfork.org/scripts/23316/code/%E7%90%89%E7%A5%9E%E8%BD%89.user.js"}}