{"options":{"check_for_updates":true,"comment":null,"compatopts_for_requires":true,"compat_wrappedjsobject":false,"compat_metadata":false,"compat_foreach":false,"compat_arrayleft":false,"compat_uW_gmonkey":false,"compat_forvarin":false,"noframes":null,"awareOfChrome":false,"run_at":null,"override":{"use_includes":[],"orig_includes":["https://www.zhihu.com/question/"],"merge_includes":true,"use_matches":[],"orig_matches":["*://www.zhihu.com/*"],"merge_matches":true,"use_excludes":[],"orig_excludes":[],"merge_excludes":true,"use_connects":[],"merge_connects":true,"use_blockers":[],"orig_run_at":"document-idle","orig_noframes":null,"orig_connects":[]}},"settings":{"enabled":true,"position":39},"meta":{"name":"知乎获取大图链接","uuid":"2db3e1f1-c676-430c-9f72-4daad1ed4cec","modified":1541255250750,"file_url":"https://greasyfork.org/scripts/26047-%E7%9F%A5%E4%B9%8E%E8%8E%B7%E5%8F%96%E5%A4%A7%E5%9B%BE%E9%93%BE%E6%8E%A5/code/%E7%9F%A5%E4%B9%8E%E8%8E%B7%E5%8F%96%E5%A4%A7%E5%9B%BE%E9%93%BE%E6%8E%A5.user.js"}}