{"options":{"check_for_updates":true,"comment":null,"compatopts_for_requires":true,"compat_wrappedjsobject":false,"compat_metadata":false,"compat_foreach":false,"compat_arrayleft":false,"compat_uW_gmonkey":false,"compat_forvarin":false,"noframes":null,"awareOfChrome":false,"run_at":null,"override":{"use_includes":[],"orig_includes":["*cnki.net*","*cqvip.com*","*210.47.0.21/~root/search*"],"merge_includes":true,"use_matches":[],"orig_matches":[],"merge_matches":true,"use_excludes":[],"orig_excludes":[],"merge_excludes":true,"use_connects":[],"merge_connects":true,"use_blockers":[],"orig_run_at":"document-idle","orig_noframes":null,"orig_connects":[]}},"settings":{"enabled":false,"position":15},"meta":{"name":"知网维普免费入口","uuid":"eb09002e-11af-4b8d-86c3-4c227ac3773e","modified":1540374697887,"file_url":"https://greasyfork.org/scripts/50738-%E7%9F%A5%E7%BD%91%E7%BB%B4%E6%99%AE%E5%85%8D%E8%B4%B9%E5%85%A5%E5%8F%A3/code/%E7%9F%A5%E7%BD%91%E7%BB%B4%E6%99%AE%E5%85%8D%E8%B4%B9%E5%85%A5%E5%8F%A3.user.js"}}