{"options":{"check_for_updates":true,"comment":null,"compatopts_for_requires":true,"compat_wrappedjsobject":false,"compat_metadata":false,"compat_foreach":false,"compat_arrayleft":false,"compat_uW_gmonkey":false,"compat_forvarin":false,"noframes":null,"awareOfChrome":false,"run_at":null,"override":{"use_includes":[],"orig_includes":["https://music.163.com/","https://music.163.com/#*"],"merge_includes":true,"use_matches":[],"orig_matches":[],"merge_matches":true,"use_excludes":[],"orig_excludes":[],"merge_excludes":true,"use_connects":[],"merge_connects":true,"use_blockers":[],"orig_run_at":"document-start","orig_noframes":null,"orig_connects":[]}},"settings":{"enabled":true,"position":40},"meta":{"name":"网易云音乐不间断播放","uuid":"b94cdd42-71ea-4c75-8269-192fe46f5e5a","modified":1541257171800,"file_url":"https://greasyfork.org/scripts/25488-%E7%BD%91%E6%98%93%E4%BA%91%E9%9F%B3%E4%B9%90%E4%B8%8D%E9%97%B4%E6%96%AD%E6%92%AD%E6%94%BE/code/%E7%BD%91%E6%98%93%E4%BA%91%E9%9F%B3%E4%B9%90%E4%B8%8D%E9%97%B4%E6%96%AD%E6%92%AD%E6%94%BE.user.js"}}