{"options":{"check_for_updates":true,"comment":null,"compatopts_for_requires":true,"compat_wrappedjsobject":false,"compat_metadata":false,"compat_foreach":false,"compat_arrayleft":false,"compat_uW_gmonkey":false,"compat_forvarin":false,"noframes":null,"awareOfChrome":false,"run_at":null,"override":{"use_includes":[],"orig_includes":["http://tieba.baidu.com/home/*"],"merge_includes":true,"use_matches":[],"orig_matches":[],"merge_matches":true,"use_excludes":[],"orig_excludes":[],"merge_excludes":true,"use_connects":[],"merge_connects":true,"use_blockers":[],"orig_run_at":"document-end","orig_noframes":null,"orig_connects":[]}},"settings":{"enabled":true,"position":36},"meta":{"name":"隐身访问贴吧主页 Fix","uuid":"d3b026cf-0714-43d7-a6aa-2c5f1a656f6d","modified":1541254784234,"file_url":"https://greasyfork.org/scripts/369061-%E9%9A%90%E8%BA%AB%E8%AE%BF%E9%97%AE%E8%B4%B4%E5%90%A7%E4%B8%BB%E9%A1%B5-fix/code/%E9%9A%90%E8%BA%AB%E8%AE%BF%E9%97%AE%E8%B4%B4%E5%90%A7%E4%B8%BB%E9%A1%B5%20Fix.user.js"}}