{"options":{"check_for_updates":true,"comment":null,"compatopts_for_requires":true,"compat_wrappedjsobject":false,"compat_metadata":false,"compat_foreach":false,"compat_arrayleft":false,"compat_uW_gmonkey":false,"compat_forvarin":false,"noframes":null,"awareOfChrome":false,"run_at":null,"override":{"use_includes":[],"orig_includes":["*//movie.douban.com/subject/*","*//music.douban.com/subject/*","*//book.douban.com/subject/*"],"merge_includes":true,"use_matches":[],"orig_matches":[],"merge_matches":true,"use_excludes":[],"orig_excludes":[],"merge_excludes":true,"use_connects":[],"merge_connects":true,"use_blockers":[],"orig_run_at":"document-idle","orig_noframes":null,"orig_connects":[]}},"settings":{"enabled":true,"position":21},"meta":{"name":"Douban Download Search（支持https）","uuid":"3a50219b-ef88-459b-be55-3438b880edd2","modified":1540549369220,"file_url":"https://greasyfork.org/scripts/36067-douban-download-search-%E6%94%AF%E6%8C%81https/code/Douban%20Download%20Search%EF%BC%88%E6%94%AF%E6%8C%81https%EF%BC%89.user.js"}}