{"options":{"check_for_updates":true,"comment":null,"compatopts_for_requires":true,"compat_wrappedjsobject":false,"compat_metadata":false,"compat_foreach":false,"compat_arrayleft":false,"compat_uW_gmonkey":false,"compat_forvarin":false,"noframes":null,"awareOfChrome":false,"run_at":null,"override":{"use_includes":[],"orig_includes":["http*"],"merge_includes":true,"use_matches":[],"orig_matches":[],"merge_matches":true,"use_excludes":[],"orig_excludes":["http://www.gdtgw.cn:8080/*"],"merge_excludes":true,"use_connects":[],"merge_connects":true,"use_blockers":[],"orig_run_at":"document-end","orig_noframes":null,"orig_connects":[]}},"settings":{"enabled":false,"position":16},"meta":{"name":"search engine jump for academic","uuid":"4ea85c1b-0378-4ad7-8c12-20b0a4c714dc","modified":1540454140393,"file_url":"https://greasyfork.org/scripts/2765-search-engine-jump-for-academic/code/search%20engine%20jump%20for%20academic.user.js"}}