{"options":{"check_for_updates":true,"comment":null,"compatopts_for_requires":true,"compat_wrappedjsobject":false,"compat_metadata":false,"compat_foreach":false,"compat_arrayleft":false,"compat_uW_gmonkey":false,"compat_forvarin":false,"noframes":null,"awareOfChrome":false,"run_at":null,"override":{"use_includes":[],"orig_includes":["http*"],"merge_includes":true,"use_matches":[],"orig_matches":[],"merge_matches":true,"use_excludes":[],"orig_excludes":["http*://mail.google.com/*","http*://maps.google*","http*://www.google.com/reader*","http*://www.google.com/calendar*","https://docs.google.com/*","http*://app.yinxiang.com/*","http*://www.dropbox.com/*","http*://www.toodledo.com/*","http://cloud.feedly.com/*","http://weibo.com/*","http://w.qq.com/*","http://web2.qq.com/*","http://openapi.qzone.qq.com/*","http://*cloud.vip.xunlei.com/*","http*://www.wumii.com/*","http://pan.baidu.com/*","http://yun.baidu.com/*","http://www.cnbeta.com/*","http://www.youku.com/","http://v.youku.com/*","http://www.iqiyi.com/*","http://www.duokan.com/reader/*","https://www.kohls.com/*","http://list.jd.com/*"],"merge_excludes":true,"use_connects":[],"merge_connects":true,"use_blockers":[],"orig_run_at":"document-idle","orig_noframes":null,"orig_connects":[]}},"settings":{"enabled":true,"position":33},"meta":{"name":"Super_preloaderPlus_one_New","uuid":"6591a6f1-5fc9-4a50-a023-2d7cdaf9f0e8","modified":1540551071538,"file_url":"https://greasyfork.org/scripts/33522-super-preloaderplus-one-new/code/Super_preloaderPlus_one_New.user.js"}}