{"options":{"check_for_updates":true,"comment":null,"compatopts_for_requires":true,"compat_wrappedjsobject":false,"compat_metadata":false,"compat_foreach":false,"compat_arrayleft":false,"compat_uW_gmonkey":false,"compat_forvarin":false,"noframes":null,"awareOfChrome":false,"run_at":null,"override":{"use_includes":[],"orig_includes":["*"],"merge_includes":true,"use_matches":[],"orig_matches":[],"merge_matches":true,"use_excludes":[],"orig_excludes":["http://www.dev/Show-Site-All-UserJS/ui.html"],"merge_excludes":true,"use_connects":[],"merge_connects":true,"use_blockers":[],"orig_run_at":"document-end","orig_noframes":true,"orig_connects":["cdn.bootcss.com","raw.githubusercontent.com","gist.githubusercontent.com","cdnjs.cloudflare.com","greasyfork.org"]}},"settings":{"enabled":false,"position":3},"meta":{"name":"Userscript+ : Show Site All UserJS","uuid":"4723dde3-42b1-49a3-a6f4-398c32063db7","modified":1538991665576,"file_url":"https://greasyfork.org/scripts/24508-userscript-show-site-all-userjs/code/Userscript+%20:%20Show%20Site%20All%20UserJS.user.js"}}