{"options":{"check_for_updates":true,"comment":null,"compatopts_for_requires":true,"compat_wrappedjsobject":false,"compat_metadata":false,"compat_foreach":false,"compat_arrayleft":false,"compat_prototypes":true,"compat_uW_gmonkey":false,"compat_forvarin":false,"noframes":null,"awareOfChrome":false,"run_at":null,"override":{"use_includes":[],"orig_includes":["http*://javkey.com/*","http*://avsox1.com/*","http*://avxo.pw/*","http*://www.av28.com/*/movie/*","http*://*javlibrary.com/*","http*://*javlib.com/*","http*://*javl10.com/*","http*://*19lib.com/*","http*://*j15av.com/*","http*://*d21b.com/*","http*://www.libredmm.com/movies/*","http*://www.javbus.com/*","http*://www.javbus.me/*","http*://www.javbus.in/*","http*://blog.jav4you.com/*","http*://*1pondo.tv/*/index.htm","http*://www.dmm.co.jp/digital/videoa/*","http*://www.jade-net-home.com/products/*","http*://pan.baidu.com/disk/home*","http*://115.com/?tab=offline&mode=wangpan","http*://www.furk.net/users/files/add"],"merge_includes":true,"use_matches":[],"orig_matches":[],"merge_matches":true,"use_excludes":[],"orig_excludes":[],"merge_excludes":true,"use_connects":[],"merge_connects":true,"use_blockers":[],"orig_run_at":"document-end","orig_noframes":null,"orig_connects":[]}},"settings":{"enabled":true,"position":32},"meta":{"name":"挊","uuid":"41bab9ac-15ad-46d8-b313-1ae53844fac1","modified":1540550974794,"file_url":"https://sleazyfork.org/scripts/8392-%E6%8C%8A/code/%E6%8C%8A.user.js"}}