{"options":{"check_for_updates":true,"comment":null,"compatopts_for_requires":true,"compat_wrappedjsobject":false,"compat_metadata":false,"compat_foreach":false,"compat_arrayleft":false,"compat_uW_gmonkey":false,"compat_forvarin":false,"noframes":null,"awareOfChrome":false,"run_at":null,"override":{"use_includes":[],"orig_includes":["*://*.cnki.net.*","*://*/cnki.net/*"],"merge_includes":true,"use_matches":[],"orig_matches":["*://*.cnki.net/*"],"merge_matches":true,"use_excludes":[],"orig_excludes":[],"merge_excludes":true,"use_connects":[],"merge_connects":true,"use_blockers":[],"orig_run_at":"document-end","orig_noframes":null,"orig_connects":[]}},"settings":{"enabled":true,"position":6},"meta":{"name":"知网下载助手","uuid":"86daf681-e655-4bd4-95fd-455d688de2e3","modified":1538708581864,"file_url":"https://greasyfork.org/scripts/371938-%E7%9F%A5%E7%BD%91%E4%B8%8B%E8%BD%BD%E5%8A%A9%E6%89%8B/code/%E7%9F%A5%E7%BD%91%E4%B8%8B%E8%BD%BD%E5%8A%A9%E6%89%8B.user.js"}}