{"options":{"check_for_updates":true,"comment":null,"compatopts_for_requires":true,"compat_wrappedjsobject":false,"compat_metadata":false,"compat_foreach":false,"compat_arrayleft":false,"compat_uW_gmonkey":false,"compat_forvarin":false,"noframes":null,"awareOfChrome":false,"run_at":null,"override":{"use_includes":[],"orig_includes":["*"],"merge_includes":true,"use_matches":[],"orig_matches":[],"merge_matches":true,"use_excludes":[],"orig_excludes":["/^https://www.google\\..+tbm=isch/","https://translate.google.*","https://www.bilibili.com/video/*"],"merge_excludes":true,"use_connects":[],"merge_connects":true,"use_blockers":[],"orig_run_at":"document-idle","orig_noframes":null,"orig_connects":[]}},"settings":{"enabled":true,"position":28},"meta":{"name":"空格之王 自动为中英文之间添加一个空格","uuid":"07e2ad34-9e05-4e91-8d88-9f7ba48a4634","modified":1540549885304,"file_url":"https://greasyfork.org/scripts/37950-%E7%A9%BA%E6%A0%BC%E4%B9%8B%E7%8E%8B-%E8%87%AA%E5%8A%A8%E4%B8%BA%E4%B8%AD%E8%8B%B1%E6%96%87%E4%B9%8B%E9%97%B4%E6%B7%BB%E5%8A%A0%E4%B8%80%E4%B8%AA%E7%A9%BA%E6%A0%BC/code/%E7%A9%BA%E6%A0%BC%E4%B9%8B%E7%8E%8B%20%E8%87%AA%E5%8A%A8%E4%B8%BA%E4%B8%AD%E8%8B%B1%E6%96%87%E4%B9%8B%E9%97%B4%E6%B7%BB%E5%8A%A0%E4%B8%80%E4%B8%AA%E7%A9%BA%E6%A0%BC.user.js"}}