{"options":{"check_for_updates":true,"comment":null,"compatopts_for_requires":true,"compat_wrappedjsobject":false,"compat_metadata":false,"compat_foreach":false,"compat_arrayleft":false,"compat_uW_gmonkey":false,"compat_forvarin":false,"noframes":null,"awareOfChrome":false,"run_at":null,"override":{"use_includes":[],"orig_includes":["*://v.qq.com/*","*://v.sports.qq.com/*","https://y.qq.com/*/mv/v/*","*://film.qq.com/*","*://view.inews.qq.com/*","*://news.qq.com/*","https://www.weiyun.com/video_*","*://www.youku.com/","*://v.youku.com/v_show/id_*","*://*.tudou.com/v/*","*://www.bilibili.com/*","*://www.le.com/ptv/vplay/*","https://tv.sohu.com/v/*","https://tv.sohu.com/201*","https://film.sohu.com/album/*","*://www.fun.tv/vplay/*","*://m.fun.tv/*","http://*.mtime.com/*","*://www.miaopai.com/*","*://v.163.com/*.html*","*://ent.163.com/*.html*","*://news.163.com/*.html*","*://news.163.com/special/*","*://study.163.com/course/*.htm?courseId=*","*://www.icourse163.org/learn/*","*://news.sina.com.cn/*","*://video.sina.com.cn/*","*://video.sina.cn/*","*://weibo.com/*","*://*.weibo.com/*","*://pan.baidu.com/*","*://yun.baidu.com/*","*://v.yinyuetai.com/video/h5/*","*://v.yinyuetai.com/playlist/h5/*","*://www.365yg.com/*","*://v.ifeng.com/video_*","https://www.youtube.com/watch?v=*","https://www.ted.com/talks/*","*://www.yy.com/*","*://v.huya.com/play/*","*://www.huya.com/*","https://v.douyu.com/show/*","https://www.douyu.com/*","https://www.panda.tv/*","*://star.longzhu.com/*","*://www.zhanqi.tv/*"],"merge_includes":true,"use_matches":[],"orig_matches":[],"merge_matches":true,"use_excludes":[],"orig_excludes":[],"merge_excludes":true,"use_connects":[],"merge_connects":true,"use_blockers":[],"orig_run_at":"document-start","orig_noframes":null,"orig_connects":[]}},"settings":{"enabled":true,"position":14},"meta":{"name":"视频站启用html5播放器","uuid":"e0d55429-b662-4092-8025-d2004e148413","modified":1540223529677,"file_url":"https://greasyfork.org/scripts/30545-%E8%A7%86%E9%A2%91%E7%AB%99%E5%90%AF%E7%94%A8html5%E6%92%AD%E6%94%BE%E5%99%A8/code/%E8%A7%86%E9%A2%91%E7%AB%99%E5%90%AF%E7%94%A8html5%E6%92%AD%E6%94%BE%E5%99%A8.user.js"}}